{
  "trophic_spearman": 0.7198753250269021,
  "edge_type_accuracy": 0.9416498993963782,
  "edge_weight_mae": 0.13500818486015
}