{
  "total": [
    7.0703196235040915,
    6.167863280017627,
    5.522217487381759,
    4.569383604611319,
    3.811425149129048,
    3.3707234555239616,
    3.14503607359917,
    2.987642530176488,
    2.9839692176993644,
    2.9144344515210068,
    2.8244993337682804,
    2.8046209679221072,
    2.695001982968901,
    2.690332639602275,
    2.6599237755259595,
    2.6339387143006636,
    2.688003435901345,
    2.6336413181350893,
    2.617232911382943,
    2.547217852498426,
    2.628706216398553,
    2.5136153097015552,
    2.5378164134790975,
    2.4577786848531105,
    2.458919801471271,
    2.5758118480286947,
    2.3950574849745623,
    2.400654279723025,
    2.5537675157795188,
    2.3773805477641488,
    2.3270970356936327,
    2.591796667001817,
    2.299423222984268,
    2.3292983175888367,
    2.3625687456919158,
    2.4360320929196235,
    2.273167346466308,
    2.28625484963758,
    2.249449159983526,
    2.2493047934768633,
    2.267973576505411,
    2.219885809674069,
    2.278475015725953,
    2.2416077089648367,
    2.279420019362557,
    2.2685687924673212,
    2.228261106619596,
    2.3562369099201628,
    2.2530082056161373,
    2.242698397993081
  ],
  "masked_edge": [
    2.112312466494347,
    2.0455951194622015,
    1.9676132890346802,
    1.6331962560744662,
    1.308843007017123,
    1.2007998900586052,
    1.1511784105708724,
    1.1216929486315501,
    1.1243804165799367,
    1.1741697365712178,
    1.1561286224934615,
    1.1429548501772315,
    1.0681799116887545,
    1.0608592403954582,
    1.0377089382198297,
    1.060184103583819,
    1.0737583627434153,
    1.0406672278615205,
    1.0806484315544367,
    1.0282776556713016,
    1.1007390521760834,
    1.0550441162562685,
    1.0826092015363669,
    1.040422124788165,
    1.0079033508602726,
    1.1667406540364027,
    1.0049806023996912,
    0.9981921889181984,
    1.1868439185874242,
    0.9956899975475512,
    0.9968418805173745,
    1.2221263366702355,
    0.9922376247613054,
    1.0178274550034028,
    1.0563985726452971,
    1.13117710121074,
    0.9867834172358638,
    0.9954910202834167,
    0.9751355454913879,
    0.986401306710353,
    0.992979613892538,
    0.9777141480314496,
    1.0038175219179768,
    0.9755830751535924,
    0.9793488181833374,
    0.9783776189739767,
    0.9804591088751821,
    1.0957572859417843,
    0.9887584536336362,
    0.9751895502895901
  ],
  "trophic": [
    1.614413365098268,
    1.2627118934194044,
    1.0064476608393689,
    0.7182396458780491,
    0.463174976684968,
    0.25994911276900795,
    0.13956427270405633,
    0.08714584714203068,
    0.0724451816824608,
    0.06719439712929,
    0.06210846032435687,
    0.06414802190020534,
    0.05052656369853618,
    0.05075118889994643,
    0.04836114693285996,
    0.04718580893734868,
    0.0458262848754346,
    0.04186764046876066,
    0.04205516980283918,
    0.04742832149885975,
    0.040208998310845345,
    0.04251473926361589,
    0.041087657749334254,
    0.036841681089227724,
    0.03955569649253065,
    0.038488936545802155,
    0.03587395641596614,
    0.03453839815177305,
    0.03304809164432012,
    0.034381713731387493,
    0.033673871180278515,
    0.03411736185463317,
    0.0322472846383837,
    0.03316582769701582,
    0.029994432528550725,
    0.03205527395632663,
    0.03199550588799052,
    0.031097664115230527,
    0.02961543195947582,
    0.029623924456341467,
    0.03058135220750333,
    0.02987580943322667,
    0.030025663793295326,
    0.028434129491200253,
    0.029438585964319492,
    0.02781843505669569,
    0.029830497146911893,
    0.030305692668327156,
    0.028363601697683885,
    0.028712983748846455
  ],
  "contrastive": [
    3.3435937919114767,
    2.8595562671360217,
    2.5481565375077095,
    2.2179477026588037,
    2.0394071654269568,
    1.9099744526963485,
    1.8542933903242413,
    1.7788037344029075,
    1.7871436194369668,
    1.6730703178204989,
    1.606262250950462,
    1.5975180958446704,
    1.5762955075816105,
    1.5787222103068703,
    1.57385369037327,
    1.526568801779496,
    1.5684187882824947,
    1.551106449804808,
    1.494529310025667,
    1.4715118753282648,
    1.4877581659116244,
    1.4160564541816711,
    1.4141195541933964,
    1.3805148789757176,
    1.4114607541184676,
    1.3705822574464899,
    1.354202926158905,
    1.3679236926530536,
    1.3338755055477745,
    1.3473088364852102,
    1.2965812839959796,
    1.335552968476948,
    1.2749383135845787,
    1.2783050348884182,
    1.276175740518068,
    1.272799717752557,
    1.2543884233424538,
    1.2596661652389325,
    1.2446981825326617,
    1.2332795623101687,
    1.2444126104053699,
    1.2122958522093923,
    1.2446318300146806,
    1.2375905043200444,
    1.2706326152149,
    1.2623727384366488,
    1.217971500597502,
    1.2301739313100513,
    1.2358861502848173,
    1.2387958639546444
  ]
}