{
  "trophic_spearman": 0.7521586237449465,
  "edge_type_accuracy": 0.9195171026156942,
  "edge_weight_mae": 0.17210710272192956
}